metric,value
substance_accuracy,0.9955263658861603
symptom_f1,0.8953917277332416
symptom_precision,0.9359448899856055
symptom_recall,0.8582068445366268
